code,label
"/*
 * @article: https://blog.positive.com/predicting-random-numbers-in-ethereum-smart-contracts-e5358c6b8620
 * @source: https://etherscan.io/address/0xa65d59708838581520511d98fb8b5d1f76a96cad#code
 * @vulnerable_at_lines: 17,19,21
 * @author: -
 */

 pragma solidity ^0.4.9;

library Deck {
	// returns random number from 0 to 51
	// let's say 'value' % 4 means suit (0 - Hearts, 1 - Spades, 2 - Diamonds, 3 - Clubs)
	//			 'value' / 4 means: 0 - King, 1 - Ace, 2 - 10 - pip values, 11 - Jacket, 12 - Queen

	function deal(address player, uint8 cardNumber) internal returns (uint8) {
		// <yes> <report> BAD_RANDOMNESS
		uint b = block.number;
		// <yes> <report> BAD_RANDOMNESS
		uint timestamp = block.timestamp;
		// <yes> <report> BAD_RANDOMNESS
		return uint8(uint256(keccak256(block.blockhash(b), player, cardNumber, timestamp)) % 52);
	}

	function valueOf(uint8 card, bool isBigAce) internal constant returns (uint8) {
		uint8 value = card / 4;
		if (value == 0 || value == 11 || value == 12) { // Face cards
			return 10;
		}
		if (value == 1 && isBigAce) { // Ace is worth 11
			return 11;
		}
		return value;
	}

	function isAce(uint8 card) internal constant returns (bool) {
		return card / 4 == 1;
	}

	function isTen(uint8 card) internal constant returns (bool) {
		return card / 4 == 10;
	}
}


contract BlackJack {
	using Deck for *;

	uint public minBet = 50 finney; // 0.05 eth
	uint public maxBet = 5 ether;

	uint8 BLACKJACK = 21;

  enum GameState { Ongoing, Player, Tie, House }

	struct Game {
		address player; // address игрока
		uint bet; // стывка

		uint8[] houseCards; // карты диллера
		uint8[] playerCards; // карты игрока

		GameState state; // состояние
		uint8 cardsDealt;
	}

	mapping (address => Game) public games;

	modifier gameIsGoingOn() {
		if (games[msg.sender].player == 0 || games[msg.sender].state != GameState.Ongoing) {
			throw; // game doesn't exist or already finished
		}
		_;
	}

	event Deal(
        bool isUser,
        uint8 _card
    );

    event GameStatus(
    	uint8 houseScore,
    	uint8 houseScoreBig,
    	uint8 playerScore,
    	uint8 playerScoreBig
    );

    event Log(
    	uint8 value
    );

	function BlackJack() {

	}

	function () payable {

	}

	// starts a new game
	function deal() public payable {
		if (games[msg.sender].player != 0 && games[msg.sender].state == GameState.Ongoing) {
			throw; // game is already going on
		}

		if (msg.value < minBet || msg.value > maxBet) {
			throw; // incorrect bet
		}

		uint8[] memory houseCards = new uint8[](1);
		uint8[] memory playerCards = new uint8[](2);

		// deal the cards
		playerCards[0] = Deck.deal(msg.sender, 0);
		Deal(true, playerCards[0]);
		houseCards[0] = Deck.deal(msg.sender, 1);
		Deal(false, houseCards[0]);
		playerCards[1] = Deck.deal(msg.sender, 2);
		Deal(true, playerCards[1]);

		games[msg.sender] = Game({
			player: msg.sender,
			bet: msg.value,
			houseCards: houseCards,
			playerCards: playerCards,
			state: GameState.Ongoing,
			cardsDealt: 3
		});

		checkGameResult(games[msg.sender], false);
	}

	// deals one more card to the player
	function hit() public gameIsGoingOn {
		uint8 nextCard = games[msg.sender].cardsDealt;
		games[msg.sender].playerCards.push(Deck.deal(msg.sender, nextCard));
		games[msg.sender].cardsDealt = nextCard + 1;
		Deal(true, games[msg.sender].playerCards[games[msg.sender].playerCards.length - 1]);
		checkGameResult(games[msg.sender], false);
	}

	// finishes the game
	function stand() public gameIsGoingOn {

		var (houseScore, houseScoreBig) = calculateScore(games[msg.sender].houseCards);

		while (houseScoreBig < 17) {
			uint8 nextCard = games[msg.sender].cardsDealt;
			uint8 newCard = Deck.deal(msg.sender, nextCard);
			games[msg.sender].houseCards.push(newCard);
			games[msg.sender].cardsDealt = nextCard + 1;
			houseScoreBig += Deck.valueOf(newCard, true);
			Deal(false, newCard);
		}

		checkGameResult(games[msg.sender], true);
	}

	// @param finishGame - whether to finish the game or not (in case of Blackjack the game finishes anyway)
	function checkGameResult(Game game, bool finishGame) private {
		// calculate house score
		var (houseScore, houseScoreBig) = calculateScore(game.houseCards);
		// calculate player score
		var (playerScore, playerScoreBig) = calculateScore(game.playerCards);

		GameStatus(houseScore, houseScoreBig, playerScore, playerScoreBig);

		if (houseScoreBig == BLACKJACK || houseScore == BLACKJACK) {
			if (playerScore == BLACKJACK || playerScoreBig == BLACKJACK) {
				// TIE
				if (!msg.sender.send(game.bet)) throw; // return bet to the player
				games[msg.sender].state = GameState.Tie; // finish the game
				return;
			} else {
				// HOUSE WON
				games[msg.sender].state = GameState.House; // simply finish the game
				return;
			}
		} else {
			if (playerScore == BLACKJACK || playerScoreBig == BLACKJACK) {
				// PLAYER WON
				if (game.playerCards.length == 2 && (Deck.isTen(game.playerCards[0]) || Deck.isTen(game.playerCards[1]))) {
					// Natural blackjack => return x2.5
					if (!msg.sender.send((game.bet * 5) / 2)) throw; // send prize to the player
				} else {
					// Usual blackjack => return x2
					if (!msg.sender.send(game.bet * 2)) throw; // send prize to the player
				}
				games[msg.sender].state = GameState.Player; // finish the game
				return;
			} else {

				if (playerScore > BLACKJACK) {
					// BUST, HOUSE WON
					Log(1);
					games[msg.sender].state = GameState.House; // finish the game
					return;
				}

				if (!finishGame) {
					return; // continue the game
				}

                // недобор
				uint8 playerShortage = 0;
				uint8 houseShortage = 0;

				// player decided to finish the game
				if (playerScoreBig > BLACKJACK) {
					if (playerScore > BLACKJACK) {
						// HOUSE WON
						games[msg.sender].state = GameState.House; // simply finish the game
						return;
					} else {
						playerShortage = BLACKJACK - playerScore;
					}
				} else {
					playerShortage = BLACKJACK - playerScoreBig;
				}

				if (houseScoreBig > BLACKJACK) {
					if (houseScore > BLACKJACK) {
						// PLAYER WON
						if (!msg.sender.send(game.bet * 2)) throw; // send prize to the player
						games[msg.sender].state = GameState.Player;
						return;
					} else {
						houseShortage = BLACKJACK - houseScore;
					}
				} else {
					houseShortage = BLACKJACK - houseScoreBig;
				}

                // ?????????????????????? почему игра заканчивается?
				if (houseShortage == playerShortage) {
					// TIE
					if (!msg.sender.send(game.bet)) throw; // return bet to the player
					games[msg.sender].state = GameState.Tie;
				} else if (houseShortage > playerShortage) {
					// PLAYER WON
					if (!msg.sender.send(game.bet * 2)) throw; // send prize to the player
					games[msg.sender].state = GameState.Player;
				} else {
					games[msg.sender].state = GameState.House;
				}
			}
		}
	}

	function calculateScore(uint8[] cards) private constant returns (uint8, uint8) {
		uint8 score = 0;
		uint8 scoreBig = 0; // in case of Ace there could be 2 different scores
		bool bigAceUsed = false;
		for (uint i = 0; i < cards.length; ++i) {
			uint8 card = cards[i];
			if (Deck.isAce(card) && !bigAceUsed) { // doesn't make sense to use the second Ace as 11, because it leads to the losing
				scoreBig += Deck.valueOf(card, true);
				bigAceUsed = true;
			} else {
				scoreBig += Deck.valueOf(card, false);
			}
			score += Deck.valueOf(card, false);
		}
		return (score, scoreBig);
	}

	function getPlayerCard(uint8 id) public gameIsGoingOn constant returns(uint8) {
		if (id < 0 || id > games[msg.sender].playerCards.length) {
			throw;
		}
		return games[msg.sender].playerCards[id];
	}

	function getHouseCard(uint8 id) public gameIsGoingOn constant returns(uint8) {
		if (id < 0 || id > games[msg.sender].houseCards.length) {
			throw;
		}
		return games[msg.sender].houseCards[id];
	}

	function getPlayerCardsNumber() public gameIsGoingOn constant returns(uint) {
		return games[msg.sender].playerCards.length;
	}

	function getHouseCardsNumber() public gameIsGoingOn constant returns(uint) {
		return games[msg.sender].houseCards.length;
	}

	function getGameState() public constant returns (uint8) {
		if (games[msg.sender].player == 0) {
			throw; // game doesn't exist
		}

		Game game = games[msg.sender];

		if (game.state == GameState.Player) {
			return 1;
		}
		if (game.state == GameState.House) {
			return 2;
		}
		if (game.state == GameState.Tie) {
			return 3;
		}

		return 0; // the game is still going on
	}

}",BAD_RANDOMNESS
"/*
 * @source: etherscan.io 
 * @author: -
 * @vulnerable_at_lines: 54
 */

pragma solidity ^0.4.19;

contract PERSONAL_BANK
{
    mapping (address=>uint256) public balances;   
   
    uint public MinSum = 1 ether;
    
    LogFile Log = LogFile(0x0486cF65A2F2F3A392CBEa398AFB7F5f0B72FF46);
    
    bool intitalized;
    
    function SetMinSum(uint _val)
    public
    {
        if(intitalized)revert();
        MinSum = _val;
    }
    
    function SetLogFile(address _log)
    public
    {
        if(intitalized)revert();
        Log = LogFile(_log);
    }
    
    function Initialized()
    public
    {
        intitalized = true;
    }
    
    function Deposit()
    public
    payable
    {
        balances[msg.sender]+= msg.value;
        Log.AddMessage(msg.sender,msg.value,""Put"");
    }
    
    function Collect(uint _am)
    public
    payable
    {
        if(balances[msg.sender]>=MinSum && balances[msg.sender]>=_am)
        {
            // <yes> <report> REENTRANCY
            if(msg.sender.call.value(_am)())
            {
                balances[msg.sender]-=_am;
                Log.AddMessage(msg.sender,_am,""Collect"");
            }
        }
    }
    
    function() 
    public 
    payable
    {
        Deposit();
    }
    
}



contract LogFile
{
    struct Message
    {
        address Sender;
        string  Data;
        uint Val;
        uint  Time;
    }
    
    Message[] public History;
    
    Message LastMsg;
    
    function AddMessage(address _adr,uint _val,string _data)
    public
    {
        LastMsg.Sender = _adr;
        LastMsg.Time = now;
        LastMsg.Val = _val;
        LastMsg.Data = _data;
        History.push(LastMsg);
    }
}",REENTRANCY
"
/*
 * @source: etherscan.io 
 * @author: -
 * @vulnerable_at_lines: 55
 */

pragma solidity ^0.4.19;

contract ACCURAL_DEPOSIT
{
    mapping (address=>uint256) public balances;   
   
    uint public MinSum = 1 ether;
    
    LogFile Log = LogFile(0x0486cF65A2F2F3A392CBEa398AFB7F5f0B72FF46);
    
    bool intitalized;
    
    function SetMinSum(uint _val)
    public
    {
        if(intitalized)revert();
        MinSum = _val;
    }
    
    function SetLogFile(address _log)
    public
    {
        if(intitalized)revert();
        Log = LogFile(_log);
    }
    
    function Initialized()
    public
    {
        intitalized = true;
    }
    
    function Deposit()
    public
    payable
    {
        balances[msg.sender]+= msg.value;
        Log.AddMessage(msg.sender,msg.value,""Put"");
    }
    
    function Collect(uint _am)
    public
    payable
    {
        if(balances[msg.sender]>=MinSum && balances[msg.sender]>=_am)
        {
            // <yes> <report> REENTRANCY
            if(msg.sender.call.value(_am)())
            {
                balances[msg.sender]-=_am;
                Log.AddMessage(msg.sender,_am,""Collect"");
            }
        }
    }
    
    function() 
    public 
    payable
    {
        Deposit();
    }
    
}



contract LogFile
{
    struct Message
    {
        address Sender;
        string  Data;
        uint Val;
        uint  Time;
    }
    
    Message[] public History;
    
    Message LastMsg;
    
    function AddMessage(address _adr,uint _val,string _data)
    public
    {
        LastMsg.Sender = _adr;
        LastMsg.Time = now;
        LastMsg.Val = _val;
        LastMsg.Data = _data;
        History.push(LastMsg);
    }
}",REENTRANCY
"/*
 * @source: https://github.com/sigp/solidity-security-blog
 * @author: -
 * @vulnerable_at_lines: 17
 */

pragma solidity ^0.4.22;

contract FindThisHash {
    bytes32 constant public hash = 0xb5b5b97fafd9855eec9b41f74dfb6c38f5951141f9a3ecd7f44d5479b630ee0a;

    constructor() public payable {} // load with ether

    function solve(string solution) public {
        // If you can find the pre image of the hash, receive 1000 ether
         // <yes> <report> FRONT_RUNNING
        require(hash == sha3(solution));
        msg.sender.transfer(1000 ether);
    }
}",FRONT_RUNNING
"/*
 * @article: https://blog.positive.com/predicting-random-numbers-in-ethereum-smart-contracts-e5358c6b8620
 * @source: https://etherscan.io/address/0xcC88937F325d1C6B97da0AFDbb4cA542EFA70870#code
 * @vulnerable_at_lines: 49,99,101,103,114,158
 * @author: -
 */

 pragma solidity ^0.4.16;

contract Ethraffle_v4b {
    struct Contestant {
        address addr;
        uint raffleId;
    }

    event RaffleResult(
        uint raffleId,
        uint winningNumber,
        address winningAddress,
        address seed1,
        address seed2,
        uint seed3,
        bytes32 randHash
    );

    event TicketPurchase(
        uint raffleId,
        address contestant,
        uint number
    );

    event TicketRefund(
        uint raffleId,
        address contestant,
        uint number
    );

    // Constants
    uint public constant prize = 2.5 ether;
    uint public constant fee = 0.03 ether;
    uint public constant totalTickets = 50;
    uint public constant pricePerTicket = (prize + fee) / totalTickets; // Make sure this divides evenly
    address feeAddress;

    // Other internal variables
    bool public paused = false;
    uint public raffleId = 1;
    // <yes> <report> BAD_RANDOMNESS
    uint public blockNumber = block.number;
    uint nextTicket = 0;
    mapping (uint => Contestant) contestants;
    uint[] gaps;

    // Initialization
    function Ethraffle_v4b() public {
        feeAddress = msg.sender;
    }

    // Call buyTickets() when receiving Ether outside a function
    function () payable public {
        buyTickets();
    }

    function buyTickets() payable public {
        if (paused) {
            msg.sender.transfer(msg.value);
            return;
        }

        uint moneySent = msg.value;

        while (moneySent >= pricePerTicket && nextTicket < totalTickets) {
            uint currTicket = 0;
            if (gaps.length > 0) {
                currTicket = gaps[gaps.length-1];
                gaps.length--;
            } else {
                currTicket = nextTicket++;
            }

            contestants[currTicket] = Contestant(msg.sender, raffleId);
            TicketPurchase(raffleId, msg.sender, currTicket);
            moneySent -= pricePerTicket;
        }

        // Choose winner if we sold all the tickets
        if (nextTicket == totalTickets) {
            chooseWinner();
        }

        // Send back leftover money
        if (moneySent > 0) {
            msg.sender.transfer(moneySent);
        }
    }

    function chooseWinner() private {
        // <yes> <report> BAD_RANDOMNESS
        address seed1 = contestants[uint(block.coinbase) % totalTickets].addr;
        // <yes> <report> BAD_RANDOMNESS
        address seed2 = contestants[uint(msg.sender) % totalTickets].addr;
        // <yes> <report> BAD_RANDOMNESS
        uint seed3 = block.difficulty;
        bytes32 randHash = keccak256(seed1, seed2, seed3);

        uint winningNumber = uint(randHash) % totalTickets;
        address winningAddress = contestants[winningNumber].addr;
        RaffleResult(raffleId, winningNumber, winningAddress, seed1, seed2, seed3, randHash);

        // Start next raffle
        raffleId++;
        nextTicket = 0;
        // <yes> <report> BAD_RANDOMNESS
        blockNumber = block.number;

        // gaps.length = 0 isn't necessary here,
        // because buyTickets() eventually clears
        // the gaps array in the loop itself.

        // Distribute prize and fee
        winningAddress.transfer(prize);
        feeAddress.transfer(fee);
    }

    // Get your money back before the raffle occurs
    function getRefund() public {
        uint refund = 0;
        for (uint i = 0; i < totalTickets; i++) {
            if (msg.sender == contestants[i].addr && raffleId == contestants[i].raffleId) {
                refund += pricePerTicket;
                contestants[i] = Contestant(address(0), 0);
                gaps.push(i);
                TicketRefund(raffleId, msg.sender, i);
            }
        }

        if (refund > 0) {
            msg.sender.transfer(refund);
        }
    }

    // Refund everyone's money, start a new raffle, then pause it
    function endRaffle() public {
        if (msg.sender == feeAddress) {
            paused = true;

            for (uint i = 0; i < totalTickets; i++) {
                if (raffleId == contestants[i].raffleId) {
                    TicketRefund(raffleId, contestants[i].addr, i);
                    contestants[i].addr.transfer(pricePerTicket);
                }
            }

            RaffleResult(raffleId, totalTickets, address(0), address(0), address(0), 0, 0);
            raffleId++;
            nextTicket = 0;
            // <yes> <report> BAD_RANDOMNESS
            blockNumber = block.number;
            gaps.length = 0;
        }
    }

    function togglePause() public {
        if (msg.sender == feeAddress) {
            paused = !paused;
        }
    }

    function kill() public {
        if (msg.sender == feeAddress) {
            selfdestruct(feeAddress);
        }
    }
}",BAD_RANDOMNESS
"/*
 * @source: https://capturetheether.com/challenges/lotteries/guess-the-random-number/
 * @author: Steve Marx
 * @vulnerable_at_lines: 15
 */

pragma solidity ^0.4.21;

contract GuessTheRandomNumberChallenge {
    uint8 answer;

    function GuessTheRandomNumberChallenge() public payable {
        require(msg.value == 1 ether);
        // <yes> <report> BAD_RANDOMNESS
        answer = uint8(keccak256(block.blockhash(block.number - 1), now));
    }

    function isComplete() public view returns (bool) {
        return address(this).balance == 0;
    }

    function guess(uint8 n) public payable {
        require(msg.value == 1 ether);

        if (n == answer) {
            msg.sender.transfer(2 ether);
        }
    }
}",BAD_RANDOMNESS
"/*
 * @source: etherscan.io 
 * @author: -
 * @vulnerable_at_lines: 38
 */

pragma solidity ^0.4.19;

contract PrivateBank
{
    mapping (address => uint) public balances;
    
    uint public MinDeposit = 1 ether;
    
    Log TransferLog;
    
    function PrivateBank(address _log)
    {
        TransferLog = Log(_log);
    }
    
    function Deposit()
    public
    payable
    {
        if(msg.value >= MinDeposit)
        {
            balances[msg.sender]+=msg.value;
            TransferLog.AddMessage(msg.sender,msg.value,""Deposit"");
        }
    }
    
    function CashOut(uint _am)
    {
        if(_am<=balances[msg.sender])
        {            
            // <yes> <report> REENTRANCY
            if(msg.sender.call.value(_am)())
            {
                balances[msg.sender]-=_am;
                TransferLog.AddMessage(msg.sender,_am,""CashOut"");
            }
        }
    }
    
    function() public payable{}    
    
}

contract Log 
{
   
    struct Message
    {
        address Sender;
        string  Data;
        uint Val;
        uint  Time;
    }
    
    Message[] public History;
    
    Message LastMsg;
    
    function AddMessage(address _adr,uint _val,string _data)
    public
    {
        LastMsg.Sender = _adr;
        LastMsg.Time = now;
        LastMsg.Val = _val;
        LastMsg.Data = _data;
        History.push(LastMsg);
    }
}",REENTRANCY
"/*
 * @source: https://smartcontractsecurity.github.io/SWC-registry/docs/SWC-124#arbitrary-location-write-simplesol
 * @author: Suhabe Bugrara
 * @vulnerable_at_lines: 27
 */

 pragma solidity ^0.4.25;

 contract Wallet {
     uint[] private bonusCodes;
     address private owner;

     constructor() public {
         bonusCodes = new uint[](0);
         owner = msg.sender;
     }

     function () public payable {
     }

     function PushBonusCode(uint c) public {
         bonusCodes.push(c);
     }

     function PopBonusCode() public {
         // <yes> <report> ACCESS_CONTROL
         require(0 <= bonusCodes.length); // this condition is always true since array lengths are unsigned
         bonusCodes.length--; // an underflow can be caused here
     }

     function UpdateBonusCodeAt(uint idx, uint c) public {
         require(idx < bonusCodes.length);
         bonusCodes[idx] = c; // write to any index less than bonusCodes.length
     }

     function Destroy() public {
         require(msg.sender == owner);
         selfdestruct(msg.sender);
     }
 }",ACCESS_CONTROL
"/*
 * @source: https://smartcontractsecurity.github.io/SWC-registry/docs/SWC-118#incorrect-constructor-name1sol
 * @author: Ben Perez
 * @vulnerable_at_lines: 18
 */


pragma solidity ^0.4.24;

contract Missing{
    address private owner;

    modifier onlyowner {
        require(msg.sender==owner);
        _;
    }
    // <yes> <report> ACCESS_CONTROL
    function missing()
        public
    {
        owner = msg.sender;
    }

    function () payable {}

    function withdraw()
        public
        onlyowner
    {
       owner.transfer(this.balance);
    }
}",ACCESS_CONTROL
"/*
 * @source: https://github.com/SmartContractSecurity/SWC-registry/blob/master/test_cases/transaction_order_dependence/ERC20.sol
 * @author: -
 * @vulnerable_at_lines: 110,113
 */

pragma solidity ^0.4.24;

/** Taken from the OpenZeppelin github
 * @title SafeMath
 * @dev Math operations with safety checks that revert on error
 */
library SafeMath {

  /**
  * @dev Multiplies two numbers, reverts on overflow.
  */
  function mul(uint256 a, uint256 b) internal pure returns (uint256) {
    // Gas optimization: this is cheaper than requiring 'a' not being zero, but the
    // benefit is lost if 'b' is also tested.
    // See: https://github.com/OpenZeppelin/openzeppelin-solidity/pull/522
    if (a == 0) {
      return 0;
    }

    uint256 c = a * b;
    require(c / a == b);

    return c;
  }

  /**
  * @dev Integer division of two numbers truncating the quotient, reverts on division by zero.
  */
  function div(uint256 a, uint256 b) internal pure returns (uint256) {
    require(b > 0); // Solidity only automatically asserts when dividing by 0
    uint256 c = a / b;
    // assert(a == b * c + a % b); // There is no case in which this doesn't hold

    return c;
  }

  /**
  * @dev Subtracts two numbers, reverts on overflow (i.e. if subtrahend is greater than minuend).
  */
  function sub(uint256 a, uint256 b) internal pure returns (uint256) {
    require(b <= a);
    uint256 c = a - b;

    return c;
  }

  /**
  * @dev Adds two numbers, reverts on overflow.
  */
  function add(uint256 a, uint256 b) internal pure returns (uint256) {
    uint256 c = a + b;
    require(c >= a);

    return c;
  }

  /**
  * @dev Divides two numbers and returns the remainder (unsigned integer modulo),
  * reverts when dividing by zero.
  */
  function mod(uint256 a, uint256 b) internal pure returns (uint256) {
    require(b != 0);
    return a % b;
  }
}


contract ERC20 {

  event Transfer( address indexed from, address indexed to, uint256 value );
  event Approval( address indexed owner, address indexed spender, uint256 value);
  using SafeMath for *;

  mapping (address => uint256) private _balances;

  mapping (address => mapping (address => uint256)) private _allowed;

  uint256 private _totalSupply;

  constructor(uint totalSupply){
    _balances[msg.sender] = totalSupply;
  }

  function balanceOf(address owner) public view returns (uint256) {
    return _balances[owner];
  }


  function allowance(address owner, address spender) public view returns (uint256)
  {
    return _allowed[owner][spender];
  }

  function transfer(address to, uint256 value) public returns (bool) {
    require(value <= _balances[msg.sender]);
    require(to != address(0));

    _balances[msg.sender] = _balances[msg.sender].sub(value);
    _balances[to] = _balances[to].add(value);
    emit Transfer(msg.sender, to, value);
    return true;
  }
  // <yes> <report> FRONT_RUNNING
  function approve(address spender, uint256 value) public returns (bool) {
    require(spender != address(0));
     // <yes> <report> FRONT_RUNNING
    _allowed[msg.sender][spender] = value;
    emit Approval(msg.sender, spender, value);
    return true;
  }

  function transferFrom(address from, address to, uint256 value) public returns (bool) {
    require(value <= _balances[from]);
    require(value <= _allowed[from][msg.sender]);
    require(to != address(0));

    _balances[from] = _balances[from].sub(value);
    _balances[to] = _balances[to].add(value);
    _allowed[from][msg.sender] = _allowed[from][msg.sender].sub(value);
    emit Transfer(from, to, value);
    return true;
  }
}",FRONT_RUNNING
"/*
 * @source: https://github.com/ConsenSys/evm-analyzer-benchmark-suite
 * @author: Suhabe Bugrara
 * @vulnerable_at_lines: 23,31
 */

pragma solidity ^0.4.16;

contract EthTxOrderDependenceMinimal {
    address public owner;
    bool public claimed;
    uint public reward;

    function EthTxOrderDependenceMinimal() public {
        owner = msg.sender;
    }

    function setReward() public payable {
        require (!claimed);

        require(msg.sender == owner);
        // <yes> <report> FRONT_RUNNING
        owner.transfer(reward);
        reward = msg.value;
    }

    function claimReward(uint256 submission) {
        require (!claimed);
        require(submission < 10);
        // <yes> <report> FRONT_RUNNING
        msg.sender.transfer(reward);
        claimed = true;
    }
}

",FRONT_RUNNING
"/*
 * @source: https://github.com/sigp/solidity-security-blog
 * @author: Suhabe Bugrara
 * @vulnerable_at_lines: 31,38
 */

//added pragma version
pragma solidity ^0.4.22;

contract FibonacciBalance {

    address public fibonacciLibrary;
    // the current fibonacci number to withdraw
    uint public calculatedFibNumber;
    // the starting fibonacci sequence number
    uint public start = 3;
    uint public withdrawalCounter;
    // the fibonancci function selector
    bytes4 constant fibSig = bytes4(sha3(""setFibonacci(uint256)""));

    // constructor - loads the contract with ether
    constructor(address _fibonacciLibrary) public payable {
        fibonacciLibrary = _fibonacciLibrary;
    }

    function withdraw() {
        withdrawalCounter += 1;
        // calculate the fibonacci number for the current withdrawal user
        // this sets calculatedFibNumber
        // <yes> <report> ACCESS_CONTROL
        require(fibonacciLibrary.delegatecall(fibSig, withdrawalCounter));
        msg.sender.transfer(calculatedFibNumber * 1 ether);
    }

    // allow users to call fibonacci library functions
    function() public {
        // <yes> <report> ACCESS_CONTROL
        require(fibonacciLibrary.delegatecall(msg.data));
    }
}

// library contract - calculates fibonacci-like numbers;
contract FibonacciLib {
    // initializing the standard fibonacci sequence;
    uint public start;
    uint public calculatedFibNumber;

    // modify the zeroth number in the sequence
    function setStart(uint _start) public {
        start = _start;
    }

    function setFibonacci(uint n) public {
        calculatedFibNumber = fibonacci(n);
    }

    function fibonacci(uint n) internal returns (uint) {
        if (n == 0) return start;
        else if (n == 1) return start + 1;
        else return fibonacci(n - 1) + fibonacci(n - 2);
    }
}

",ACCESS_CONTROL
"/*
 * @source: https://github.com/SmartContractSecurity/SWC-registry/blob/master/test_cases/dos_gas_limit/dos_simple.sol
 * @author: -
 * @vulnerable_at_lines: 17,18
 */


pragma solidity ^0.4.25;

contract DosOneFunc {

    address[] listAddresses;

    function ifillArray() public returns (bool){
        if(listAddresses.length<1500) {
            // <yes> <report> DENIAL_OF_SERVICE
            for(uint i=0;i<350;i++) {
                listAddresses.push(msg.sender);
            }
            return true;

        } else {
            listAddresses = new address[](0);
            return false;
        }
    }
}

",DENIAL_OF_SERVICE
"/*
 * @source: https://github.com/SmartContractSecurity/SWC-registry/blob/master/test_cases/dos_gas_limit/dos_number.sol
 * @author: -
 * @vulnerable_at_lines: 18,19,20,21,22
 */

pragma solidity ^0.4.25;

contract DosNumber {

    uint numElements = 0;
    uint[] array;

    function insertNnumbers(uint value,uint numbers) public {

        // Gas DOS if number > 382 more or less, it depends on actual gas limit
        // <yes> <report> DENIAL_OF_SERVICE
        for(uint i=0;i<numbers;i++) {
            if(numElements == array.length) {
                array.length += 1;
            }
            array[numElements++] = value;
        }
    }

    function clear() public {
        require(numElements>1500);
        numElements = 0;
    }

    // Gas DOS clear
    function clearDOS() public {

        // number depends on actual gas limit
        require(numElements>1500);
        array = new uint[](0);
        numElements = 0;
    }

    function getLengthArray() public view returns(uint) {
        return numElements;
    }

    function getRealLengthArray() public view returns(uint) {
        return array.length;
    }
}",DENIAL_OF_SERVICE
"/*
 * @source: https://github.com/SmartContractSecurity/SWC-registry/blob/master/test_cases/dos_gas_limit/dos_address.sol
 * @author: -
 * @vulnerable_at_lines: 16,17,18
 */

pragma solidity ^0.4.25;

contract DosGas {

    address[] creditorAddresses;
    bool win = false;

    function emptyCreditors() public {
        // <yes> <report> DENIAL_OF_SERVICE
        if(creditorAddresses.length>1500) {
            creditorAddresses = new address[](0);
            win = true;
        }
    }

    function addCreditors() public returns (bool) {
        for(uint i=0;i<350;i++) {
          creditorAddresses.push(msg.sender);
        }
        return true;
    }

    function iWin() public view returns (bool) {
        return win;
    }

    function numberCreditors() public view returns (uint) {
        return creditorAddresses.length;
    }
}",DENIAL_OF_SERVICE
"/*
 * @source: https://github.com/trailofbits/not-so-smart-contracts/blob/master/denial_of_service/auction.sol
 * @author: -
 * @vulnerable_at_lines: 23
 */

pragma solidity ^0.4.15;

//Auction susceptible to DoS attack
contract DosAuction {
  address currentFrontrunner;
  uint currentBid;

  //Takes in bid, refunding the frontrunner if they are outbid
  function bid() payable {
    require(msg.value > currentBid);

    //If the refund fails, the entire transaction reverts.
    //Therefore a frontrunner who always fails will win
    if (currentFrontrunner != 0) {
      //E.g. if recipients fallback function is just revert()
      // <yes> <report> DENIAL_OF_SERVICE
      require(currentFrontrunner.send(currentBid));
    }

    currentFrontrunner = msg.sender;
    currentBid         = msg.value;
  }
}

",DENIAL_OF_SERVICE
"/*
 * @source: https://smartcontractsecurity.github.io/SWC-registry/docs/SWC-101#bectokensol
 * @author: -
 * @vulnerable_at_lines: 264
 */

pragma solidity ^0.4.16;

/**
 * @title SafeMath
 * @dev Math operations with safety checks that throw on error
 */
library SafeMath {
  function mul(uint256 a, uint256 b) internal constant returns (uint256) {
    uint256 c = a * b;
    require(a == 0 || c / a == b);
    return c;
  }

  function div(uint256 a, uint256 b) internal constant returns (uint256) {
    // require(b > 0); // Solidity automatically throws when dividing by 0
    uint256 c = a / b;
    // require(a == b * c + a % b); // There is no case in which this doesn't hold
    return c;
  }

  function sub(uint256 a, uint256 b) internal constant returns (uint256) {
    require(b <= a);
    return a - b;
  }

  function add(uint256 a, uint256 b) internal constant returns (uint256) {
    uint256 c = a + b;
    require(c >= a);
    return c;
  }
}

/**
 * @title ERC20Basic
 * @dev Simpler version of ERC20 interface
 * @dev see https://github.com/ethereum/EIPs/issues/179
 */
contract ERC20Basic {
  uint256 public totalSupply;
  function balanceOf(address who) public constant returns (uint256);
  function transfer(address to, uint256 value) public returns (bool);
  event Transfer(address indexed from, address indexed to, uint256 value);
}

/**
 * @title Basic token
 * @dev Basic version of StandardToken, with no allowances.
 */
contract BasicToken is ERC20Basic {
  using SafeMath for uint256;

  mapping(address => uint256) balances;

  /**
  * @dev transfer token for a specified address
  * @param _to The address to transfer to.
  * @param _value The amount to be transferred.
  */
  function transfer(address _to, uint256 _value) public returns (bool) {
    require(_to != address(0));
    require(_value > 0 && _value <= balances[msg.sender]);

    // SafeMath.sub will throw if there is not enough balance.
    balances[msg.sender] = balances[msg.sender].sub(_value);
    balances[_to] = balances[_to].add(_value);
    Transfer(msg.sender, _to, _value);
    return true;
  }

  /**
  * @dev Gets the balance of the specified address.
  * @param _owner The address to query the the balance of.
  * @return An uint256 representing the amount owned by the passed address.
  */
  function balanceOf(address _owner) public constant returns (uint256 balance) {
    return balances[_owner];
  }
}

/**
 * @title ERC20 interface
 * @dev see https://github.com/ethereum/EIPs/issues/20
 */
contract ERC20 is ERC20Basic {
  function allowance(address owner, address spender) public constant returns (uint256);
  function transferFrom(address from, address to, uint256 value) public returns (bool);
  function approve(address spender, uint256 value) public returns (bool);
  event Approval(address indexed owner, address indexed spender, uint256 value);
}


/**
 * @title Standard ERC20 token
 *
 * @dev Implementation of the basic standard token.
 * @dev https://github.com/ethereum/EIPs/issues/20
 * @dev Based on code by FirstBlood: https://github.com/Firstbloodio/token/blob/master/smart_contract/FirstBloodToken.sol
 */
contract StandardToken is ERC20, BasicToken {

  mapping (address => mapping (address => uint256)) internal allowed;


  /**
   * @dev Transfer tokens from one address to another
   * @param _from address The address which you want to send tokens from
   * @param _to address The address which you want to transfer to
   * @param _value uint256 the amount of tokens to be transferred
   */
  function transferFrom(address _from, address _to, uint256 _value) public returns (bool) {
    require(_to != address(0));
    require(_value > 0 && _value <= balances[_from]);
    require(_value <= allowed[_from][msg.sender]);

    balances[_from] = balances[_from].sub(_value);
    balances[_to] = balances[_to].add(_value);
    allowed[_from][msg.sender] = allowed[_from][msg.sender].sub(_value);
    Transfer(_from, _to, _value);
    return true;
  }

  /**
   * @dev Approve the passed address to spend the specified amount of tokens on behalf of msg.sender.
   *
   * Beware that changing an allowance with this method brings the risk that someone may use both the old
   * and the new allowance by unfortunate transaction ordering. One possible solution to mitigate this
   * race condition is to first reduce the spender's allowance to 0 and set the desired value afterwards:
   * https://github.com/ethereum/EIPs/issues/20#issuecomment-263524729
   * @param _spender The address which will spend the funds.
   * @param _value The amount of tokens to be spent.
   */
  function approve(address _spender, uint256 _value) public returns (bool) {
    allowed[msg.sender][_spender] = _value;
    Approval(msg.sender, _spender, _value);
    return true;
  }

  /**
   * @dev Function to check the amount of tokens that an owner allowed to a spender.
   * @param _owner address The address which owns the funds.
   * @param _spender address The address which will spend the funds.
   * @return A uint256 specifying the amount of tokens still available for the spender.
   */
  function allowance(address _owner, address _spender) public constant returns (uint256 remaining) {
    return allowed[_owner][_spender];
  }
}

/**
 * @title Ownable
 * @dev The Ownable contract has an owner address, and provides basic authorization control
 * functions, this simplifies the implementation of ""user permissions"".
 */
contract Ownable {
  address public owner;


  event OwnershipTransferred(address indexed previousOwner, address indexed newOwner);


  /**
   * @dev The Ownable constructor sets the original `owner` of the contract to the sender
   * account.
   */
  function Ownable() {
    owner = msg.sender;
  }


  /**
   * @dev Throws if called by any account other than the owner.
   */
  modifier onlyOwner() {
    require(msg.sender == owner);
    _;
  }


  /**
   * @dev Allows the current owner to transfer control of the contract to a newOwner.
   * @param newOwner The address to transfer ownership to.
   */
  function transferOwnership(address newOwner) onlyOwner public {
    require(newOwner != address(0));
    OwnershipTransferred(owner, newOwner);
    owner = newOwner;
  }

}

/**
 * @title Pausable
 * @dev Base contract which allows children to implement an emergency stop mechanism.
 */
contract Pausable is Ownable {
  event Pause();
  event Unpause();

  bool public paused = false;


  /**
   * @dev Modifier to make a function callable only when the contract is not paused.
   */
  modifier whenNotPaused() {
    require(!paused);
    _;
  }

  /**
   * @dev Modifier to make a function callable only when the contract is paused.
   */
  modifier whenPaused() {
    require(paused);
    _;
  }

  /**
   * @dev called by the owner to pause, triggers stopped state
   */
  function pause() onlyOwner whenNotPaused public {
    paused = true;
    Pause();
  }

  /**
   * @dev called by the owner to unpause, returns to normal state
   */
  function unpause() onlyOwner whenPaused public {
    paused = false;
    Unpause();
  }
}

/**
 * @title Pausable token
 *
 * @dev StandardToken modified with pausable transfers.
 **/

contract PausableToken is StandardToken, Pausable {

  function transfer(address _to, uint256 _value) public whenNotPaused returns (bool) {
    return super.transfer(_to, _value);
  }

  function transferFrom(address _from, address _to, uint256 _value) public whenNotPaused returns (bool) {
    return super.transferFrom(_from, _to, _value);
  }

  function approve(address _spender, uint256 _value) public whenNotPaused returns (bool) {
    return super.approve(_spender, _value);
  }

  function batchTransfer(address[] _receivers, uint256 _value) public whenNotPaused returns (bool) {
    uint cnt = _receivers.length;
    // <yes> <report> ARITHMETIC
    uint256 amount = uint256(cnt) * _value;
    require(cnt > 0 && cnt <= 20);
    require(_value > 0 && balances[msg.sender] >= amount);

    balances[msg.sender] = balances[msg.sender].sub(amount);
    for (uint i = 0; i < cnt; i++) {
        balances[_receivers[i]] = balances[_receivers[i]].add(_value);
        Transfer(msg.sender, _receivers[i], _value);
    }
    return true;
  }
}

/**
 * @title Bec Token
 *
 * @dev Implementation of Bec Token based on the basic standard token.
 */
contract BecToken is PausableToken {
    /**
    * Public variables of the token
    * The following variables are OPTIONAL vanities. One does not have to include them.
    * They allow one to customise the token contract & in no way influences the core functionality.
    * Some wallets/interfaces might not even bother to look at this information.
    */
    string public name = ""BeautyChain"";
    string public symbol = ""BEC"";
    string public version = '1.0.0';
    uint8 public decimals = 18;

    /**
     * @dev Function to check the amount of tokens that an owner allowed to a spender.
     */
    function BecToken() {
      totalSupply = 7000000000 * (10**(uint256(decimals)));
      balances[msg.sender] = totalSupply;    // Give the creator all initial tokens
    }

    function () {
        //if ether is sent to this address, send it back.
        revert();
    }
}",ARITHMETIC
"/*
 * @source: https://smartcontractsecurity.github.io/SWC-registry/docs/SWC-101#bectokensol
 * @author: -
 * @vulnerable_at_lines: 264
 */

pragma solidity ^0.4.16;

/**
 * @title SafeMath
 * @dev Math operations with safety checks that throw on error
 */
library SafeMath {
  function mul(uint256 a, uint256 b) internal constant returns (uint256) {
    uint256 c = a * b;
    require(a == 0 || c / a == b);
    return c;
  }

  function div(uint256 a, uint256 b) internal constant returns (uint256) {
    // require(b > 0); // Solidity automatically throws when dividing by 0
    uint256 c = a / b;
    // require(a == b * c + a % b); // There is no case in which this doesn't hold
    return c;
  }

  function sub(uint256 a, uint256 b) internal constant returns (uint256) {
    require(b <= a);
    return a - b;
  }

  function add(uint256 a, uint256 b) internal constant returns (uint256) {
    uint256 c = a + b;
    require(c >= a);
    return c;
  }
}

/**
 * @title ERC20Basic
 * @dev Simpler version of ERC20 interface
 * @dev see https://github.com/ethereum/EIPs/issues/179
 */
contract ERC20Basic {
  uint256 public totalSupply;
  function balanceOf(address who) public constant returns (uint256);
  function transfer(address to, uint256 value) public returns (bool);
  event Transfer(address indexed from, address indexed to, uint256 value);
}

/**
 * @title Basic token
 * @dev Basic version of StandardToken, with no allowances.
 */
contract BasicToken is ERC20Basic {
  using SafeMath for uint256;

  mapping(address => uint256) balances;

  /**
  * @dev transfer token for a specified address
  * @param _to The address to transfer to.
  * @param _value The amount to be transferred.
  */
  function transfer(address _to, uint256 _value) public returns (bool) {
    require(_to != address(0));
    require(_value > 0 && _value <= balances[msg.sender]);

    // SafeMath.sub will throw if there is not enough balance.
    balances[msg.sender] = balances[msg.sender].sub(_value);
    balances[_to] = balances[_to].add(_value);
    Transfer(msg.sender, _to, _value);
    return true;
  }

  /**
  * @dev Gets the balance of the specified address.
  * @param _owner The address to query the the balance of.
  * @return An uint256 representing the amount owned by the passed address.
  */
  function balanceOf(address _owner) public constant returns (uint256 balance) {
    return balances[_owner];
  }
}

/**
 * @title ERC20 interface
 * @dev see https://github.com/ethereum/EIPs/issues/20
 */
contract ERC20 is ERC20Basic {
  function allowance(address owner, address spender) public constant returns (uint256);
  function transferFrom(address from, address to, uint256 value) public returns (bool);
  function approve(address spender, uint256 value) public returns (bool);
  event Approval(address indexed owner, address indexed spender, uint256 value);
}


/**
 * @title Standard ERC20 token
 *
 * @dev Implementation of the basic standard token.
 * @dev https://github.com/ethereum/EIPs/issues/20
 * @dev Based on code by FirstBlood: https://github.com/Firstbloodio/token/blob/master/smart_contract/FirstBloodToken.sol
 */
contract StandardToken is ERC20, BasicToken {

  mapping (address => mapping (address => uint256)) internal allowed;


  /**
   * @dev Transfer tokens from one address to another
   * @param _from address The address which you want to send tokens from
   * @param _to address The address which you want to transfer to
   * @param _value uint256 the amount of tokens to be transferred
   */
  function transferFrom(address _from, address _to, uint256 _value) public returns (bool) {
    require(_to != address(0));
    require(_value > 0 && _value <= balances[_from]);
    require(_value <= allowed[_from][msg.sender]);

    balances[_from] = balances[_from].sub(_value);
    balances[_to] = balances[_to].add(_value);
    allowed[_from][msg.sender] = allowed[_from][msg.sender].sub(_value);
    Transfer(_from, _to, _value);
    return true;
  }

  /**
   * @dev Approve the passed address to spend the specified amount of tokens on behalf of msg.sender.
   *
   * Beware that changing an allowance with this method brings the risk that someone may use both the old
   * and the new allowance by unfortunate transaction ordering. One possible solution to mitigate this
   * race condition is to first reduce the spender's allowance to 0 and set the desired value afterwards:
   * https://github.com/ethereum/EIPs/issues/20#issuecomment-263524729
   * @param _spender The address which will spend the funds.
   * @param _value The amount of tokens to be spent.
   */
  function approve(address _spender, uint256 _value) public returns (bool) {
    allowed[msg.sender][_spender] = _value;
    Approval(msg.sender, _spender, _value);
    return true;
  }

  /**
   * @dev Function to check the amount of tokens that an owner allowed to a spender.
   * @param _owner address The address which owns the funds.
   * @param _spender address The address which will spend the funds.
   * @return A uint256 specifying the amount of tokens still available for the spender.
   */
  function allowance(address _owner, address _spender) public constant returns (uint256 remaining) {
    return allowed[_owner][_spender];
  }
}

/**
 * @title Ownable
 * @dev The Ownable contract has an owner address, and provides basic authorization control
 * functions, this simplifies the implementation of ""user permissions"".
 */
contract Ownable {
  address public owner;


  event OwnershipTransferred(address indexed previousOwner, address indexed newOwner);


  /**
   * @dev The Ownable constructor sets the original `owner` of the contract to the sender
   * account.
   */
  function Ownable() {
    owner = msg.sender;
  }


  /**
   * @dev Throws if called by any account other than the owner.
   */
  modifier onlyOwner() {
    require(msg.sender == owner);
    _;
  }


  /**
   * @dev Allows the current owner to transfer control of the contract to a newOwner.
   * @param newOwner The address to transfer ownership to.
   */
  function transferOwnership(address newOwner) onlyOwner public {
    require(newOwner != address(0));
    OwnershipTransferred(owner, newOwner);
    owner = newOwner;
  }

}

/**
 * @title Pausable
 * @dev Base contract which allows children to implement an emergency stop mechanism.
 */
contract Pausable is Ownable {
  event Pause();
  event Unpause();

  bool public paused = false;


  /**
   * @dev Modifier to make a function callable only when the contract is not paused.
   */
  modifier whenNotPaused() {
    require(!paused);
    _;
  }

  /**
   * @dev Modifier to make a function callable only when the contract is paused.
   */
  modifier whenPaused() {
    require(paused);
    _;
  }

  /**
   * @dev called by the owner to pause, triggers stopped state
   */
  function pause() onlyOwner whenNotPaused public {
    paused = true;
    Pause();
  }

  /**
   * @dev called by the owner to unpause, returns to normal state
   */
  function unpause() onlyOwner whenPaused public {
    paused = false;
    Unpause();
  }
}

/**
 * @title Pausable token
 *
 * @dev StandardToken modified with pausable transfers.
 **/

contract PausableToken is StandardToken, Pausable {

  function transfer(address _to, uint256 _value) public whenNotPaused returns (bool) {
    return super.transfer(_to, _value);
  }

  function transferFrom(address _from, address _to, uint256 _value) public whenNotPaused returns (bool) {
    return super.transferFrom(_from, _to, _value);
  }

  function approve(address _spender, uint256 _value) public whenNotPaused returns (bool) {
    return super.approve(_spender, _value);
  }

  function batchTransfer(address[] _receivers, uint256 _value) public whenNotPaused returns (bool) {
    uint cnt = _receivers.length;
    // <yes> <report> ARITHMETIC
    uint256 amount = uint256(cnt) * _value;
    require(cnt > 0 && cnt <= 20);
    require(_value > 0 && balances[msg.sender] >= amount);

    balances[msg.sender] = balances[msg.sender].sub(amount);
    for (uint i = 0; i < cnt; i++) {
        balances[_receivers[i]] = balances[_receivers[i]].add(_value);
        Transfer(msg.sender, _receivers[i], _value);
    }
    return true;
  }
}

/**
 * @title Bec Token
 *
 * @dev Implementation of Bec Token based on the basic standard token.
 */
contract BecToken is PausableToken {
    /**
    * Public variables of the token
    * The following variables are OPTIONAL vanities. One does not have to include them.
    * They allow one to customise the token contract & in no way influences the core functionality.
    * Some wallets/interfaces might not even bother to look at this information.
    */
    string public name = ""BeautyChain"";
    string public symbol = ""BEC"";
    string public version = '1.0.0';
    uint8 public decimals = 18;

    /**
     * @dev Function to check the amount of tokens that an owner allowed to a spender.
     */
    function BecToken() {
      totalSupply = 7000000000 * (10**(uint256(decimals)));
      balances[msg.sender] = totalSupply;    // Give the creator all initial tokens
    }

    function () {
        //if ether is sent to this address, send it back.
        revert();
    }
}",ARITHMETIC
"/*
 * @source: etherscan.io 
 * @author: -
 * @vulnerable_at_lines: 14
 */

pragma solidity ^0.4.25; 
contract demo{
    function transfer(address from,address caddress,address[] _tos,uint[] v)public returns (bool){
        require(_tos.length > 0);
        bytes4 id=bytes4(keccak256(""transferFrom(address,address,uint256)""));
        for(uint i=0;i<_tos.length;i++){
             // <yes> <report> UNCHECKED_LL_CALLS
            caddress.call(id,from,_tos[i],v[i]);
        }
        return true;
    }
}",UNCHECKED_LL_CALLS
"/*
 * @source: https://github.com/trailofbits/not-so-smart-contracts/blob/master/integer_overflow/integer_overflow_1.sol
 * @author: -
 * @vulnerable_at_lines: 14
 */

 pragma solidity ^0.4.15;

 contract Overflow {
     uint private sellerBalance=0;

     function add(uint value) returns (bool){
         // <yes> <report> ARITHMETIC
         sellerBalance += value; // possible overflow

         // possible auditor assert
         // assert(sellerBalance >= value);
     }

  // function safe_add(uint value) returns (bool){
  //   require(value + sellerBalance >= sellerBalance);
  // sellerBalance += value;
  // } 
 }
 ",ARITHMETIC
"/*
 * @source: etherscan.io 
 * @author: -
 * @vulnerable_at_lines: 201,213
 */

pragma solidity ^0.4.24;

contract PoCGame
{
    
    /**
     * Modifiers
     */
     
    modifier onlyOwner()
    {
        require(msg.sender == owner);
        _;
    }
    
   modifier isOpenToPublic()
    {
        require(openToPublic);
        _;
    }

    modifier onlyRealPeople()
    {
          require (msg.sender == tx.origin);
        _;
    }

    modifier  onlyPlayers()
    { 
        require (wagers[msg.sender] > 0); 
        _; 
    }
    
   
    /**
     * Events
     */
    event Wager(uint256 amount, address depositer);
    event Win(uint256 amount, address paidTo);
    event Lose(uint256 amount, address loser);
    event Donate(uint256 amount, address paidTo, address donator);
    event DifficultyChanged(uint256 currentDifficulty);
    event BetLimitChanged(uint256 currentBetLimit);

    /**
     * Global Variables
     */
    address private whale;
    uint256 betLimit;
    uint difficulty;
    uint private randomSeed;
    address owner;
    mapping(address => uint256) timestamps;
    mapping(address => uint256) wagers;
    bool openToPublic;
    uint256 totalDonated;

    /**
     * Constructor
     */
    constructor(address whaleAddress, uint256 wagerLimit) 
    onlyRealPeople()
    public 
    {
        openToPublic = false;
        owner = msg.sender;
        whale = whaleAddress;
        totalDonated = 0;
        betLimit = wagerLimit;
        
    }


    /**
     * Let the public play
     */
    function OpenToThePublic() 
    onlyOwner()
    public
    {
        openToPublic = true;
    }
    
    /**
     * Adjust the bet amounts
     */
    function AdjustBetAmounts(uint256 amount) 
    onlyOwner()
    public
    {
        betLimit = amount;
        
        emit BetLimitChanged(betLimit);
    }
    
     /**
     * Adjust the difficulty
     */
    function AdjustDifficulty(uint256 amount) 
    onlyOwner()
    public
    {
        difficulty = amount;
        
        emit DifficultyChanged(difficulty);
    }
    
    
    function() public payable { }

    /**
     * Wager your bet
     */
    function wager()
    isOpenToPublic()
    onlyRealPeople() 
    payable
    public 
    {
        //You have to send exactly 0.01 ETH.
        require(msg.value == betLimit);
        
        //You cannot wager multiple times
        require(wagers[msg.sender] == 0);

        //log the wager and timestamp(block number)
        timestamps[msg.sender] = block.number;
        wagers[msg.sender] = msg.value;
        emit Wager(msg.value, msg.sender);
    }
    
    /**
     * method to determine winners and losers
     */
    function play()
    isOpenToPublic()
    onlyRealPeople()
    onlyPlayers()
    public
    {
        uint256 blockNumber = timestamps[msg.sender];
        if(blockNumber < block.number)
        {
            timestamps[msg.sender] = 0;
            wagers[msg.sender] = 0;
    
            uint256 winningNumber = uint256(keccak256(abi.encodePacked(blockhash(blockNumber),  msg.sender)))%difficulty +1;
    
            if(winningNumber == difficulty / 2)
            {
                payout(msg.sender);
            }
            else 
            {
                //player loses
                loseWager(betLimit / 2);
            }    
        }
        else
        {
            revert();
        }
    }

    /**
     * For those that just want to donate to the whale
     */
    function donate()
    isOpenToPublic()
    public 
    payable
    {
        donateToWhale(msg.value);
    }

    /**
     * Payout ETH to winner
     */
    function payout(address winner) 
    internal 
    {
        uint256 ethToTransfer = address(this).balance / 2;
        
        winner.transfer(ethToTransfer);
        emit Win(ethToTransfer, winner);
    }

    /**
     * Payout ETH to whale
     */
    function donateToWhale(uint256 amount) 
    internal 
    {
        // <yes> <report> UNCHECKED_LL_CALLS
        whale.call.value(amount)(bytes4(keccak256(""donate()"")));
        totalDonated += amount;
        emit Donate(amount, whale, msg.sender);
    }

    /**
     * Payout ETH to whale when player loses
     */
    function loseWager(uint256 amount) 
    internal 
    {
        // <yes> <report> UNCHECKED_LL_CALLS
        whale.call.value(amount)(bytes4(keccak256(""donate()"")));
        totalDonated += amount;
        emit Lose(amount, msg.sender);
    }
    

    /**
     * ETH balance of contract
     */
    function ethBalance() 
    public 
    view 
    returns (uint256)
    {
        return address(this).balance;
    }
    
    
    /**
     * current difficulty of the game
     */
    function currentDifficulty() 
    public 
    view 
    returns (uint256)
    {
        return difficulty;
    }
    
    
    /**
     * current bet amount for the game
     */
    function currentBetLimit() 
    public 
    view 
    returns (uint256)
    {
        return betLimit;
    }
    
    function hasPlayerWagered(address player)
    public 
    view 
    returns (bool)
    {
        if(wagers[player] > 0)
        {
            return true;
        }
        else
        {
            return false;
        }
        
    }

    /**
     * For the UI to properly display the winner's pot
     */
    function winnersPot() 
    public 
    view 
    returns (uint256)
    {
        return address(this).balance / 2;
    }

    /**
     * A trap door for when someone sends tokens other than the intended ones so the overseers can decide where to send them.
     */
    function transferAnyERC20Token(address tokenAddress, address tokenOwner, uint tokens) 
    public 
    onlyOwner() 
    returns (bool success) 
    {
        return ERC20Interface(tokenAddress).transfer(tokenOwner, tokens);
    }
}

//Define ERC20Interface.transfer, so PoCWHALE can transfer tokens accidently sent to it.
contract ERC20Interface 
{
    function transfer(address to, uint256 tokens) public returns (bool success);
}",UNCHECKED_LL_CALLS
"/*
 * @source: https://github.com/trailofbits/not-so-smart-contracts/blob/master/integer_overflow/integer_overflow_1.sol
 * @author: -
 * @vulnerable_at_lines: 14
 */

 pragma solidity ^0.4.15;

 contract Overflow {
     uint private sellerBalance=0;

     function add(uint value) returns (bool){
         // <yes> <report> ARITHMETIC
         sellerBalance += value; // possible overflow

         // possible auditor assert
         // assert(sellerBalance >= value);
     }

  // function safe_add(uint value) returns (bool){
  //   require(value + sellerBalance >= sellerBalance);
  // sellerBalance += value;
  // } 
 }

 ",ARITHMETIC
"/*
 * @source: etherscan.io 
 * @author: -
 * @vulnerable_at_lines: 439,465
 */

//DAO Polska Token deployment
pragma solidity ^0.4.11;
interface tokenRecipient { function receiveApproval(address _from, uint256 _value, address _token, bytes _extraData) public; }


// title Migration Agent interface
contract MigrationAgent {
    function migrateFrom(address _from, uint256 _value);
}

contract ERC20 {
  uint public totalSupply;
  function balanceOf(address who) constant returns (uint);
  function allowance(address owner, address spender) constant returns (uint);

  function transfer(address to, uint value) returns (bool ok);
  function transferFrom(address from, address to, uint value) returns (bool ok);
  function approve(address spender, uint value) returns (bool ok);
  event Transfer(address indexed from, address indexed to, uint value);
  event Approval(address indexed owner, address indexed spender, uint value);
}



/**
 * Math operations with safety checks
 */
contract SafeMath {
  function safeMul(uint a, uint b) internal returns (uint) {
    uint c = a * b;
    assert(a == 0 || c / a == b);
    return c;
  }

  function safeDiv(uint a, uint b) internal returns (uint) {
    assert(b > 0);
    uint c = a / b;
    assert(a == b * c + a % b);
    return c;
  }

  function safeSub(uint a, uint b) internal returns (uint) {
    assert(b <= a);
    return a - b;
  }

  function safeAdd(uint a, uint b) internal returns (uint) {
    uint c = a + b;
    assert(c>=a && c>=b);
    return c;
  }

  function max64(uint64 a, uint64 b) internal constant returns (uint64) {
    return a >= b ? a : b;
  }

  function min64(uint64 a, uint64 b) internal constant returns (uint64) {
    return a < b ? a : b;
  }

  function max256(uint256 a, uint256 b) internal constant returns (uint256) {
    return a >= b ? a : b;
  }

  function min256(uint256 a, uint256 b) internal constant returns (uint256) {
    return a < b ? a : b;
  }

  function assert(bool assertion) internal {
    if (!assertion) {
      throw;
    }
  }
}



/**
 * Standard ERC20 token with Short Hand Attack and approve() race condition mitigation.
 *
 * Based on code by FirstBlood:
 * https://github.com/Firstbloodio/token/blob/master/smart_contract/FirstBloodToken.sol
 */
contract StandardToken is ERC20, SafeMath {

  /* Token supply got increased and a new owner received these tokens */
  event Minted(address receiver, uint amount);

  /* Actual balances of token holders */
  mapping(address => uint) balances;
  // what exaclt ether was sent
  mapping(address => uint) balancesRAW;
  /* approve() allowances */
  mapping (address => mapping (address => uint)) allowed;

  /* Interface declaration */
  function isToken() public constant returns (bool weAre) {
    return true;
  }

  function transfer(address _to, uint _value) returns (bool success) {
    balances[msg.sender] = safeSub(balances[msg.sender], _value);
    balances[_to] = safeAdd(balances[_to], _value);
    Transfer(msg.sender, _to, _value);
    return true;
  }

  function transferFrom(address _from, address _to, uint _value) returns (bool success) {
    uint _allowance = allowed[_from][msg.sender];

    balances[_to] = safeAdd(balances[_to], _value);
    balances[_from] = safeSub(balances[_from], _value);
    allowed[_from][msg.sender] = safeSub(_allowance, _value);
    Transfer(_from, _to, _value);
    return true;
  }

  function balanceOf(address _owner) constant returns (uint balance) {
    return balances[_owner];
  }

  function approve(address _spender, uint _value) returns (bool success) {

    // To change the approve amount you first have to reduce the addresses`
    //  allowance to zero by calling `approve(_spender, 0)` if it is not
    //  already 0 to mitigate the race condition described here:
    //  https://github.com/ethereum/EIPs/issues/20#issuecomment-263524729
    if ((_value != 0) && (allowed[msg.sender][_spender] != 0)) throw;

    allowed[msg.sender][_spender] = _value;
    Approval(msg.sender, _spender, _value);
    return true;
  }

  function allowance(address _owner, address _spender) constant returns (uint remaining) {
    return allowed[_owner][_spender];
  }

  
  
}


//  daoPOLSKAtokens
contract daoPOLSKAtokens{

    string public name = ""DAO POLSKA TOKEN version 1"";
    string public symbol = ""DPL"";
    uint8 public constant decimals = 18;  // 18 decimal places, the same as ETC/ETH/HEE.

    // Receives 
    address public owner;
    address public migrationMaster;	
    // The current total token supply.

    uint256 public otherchainstotalsupply =1.0 ether;
    uint256 public supplylimit      = 10000.0 ether;
	//totalSupply   
   uint256 public  totalSupply      = 0.0 ether;
	//chains:
	address public Chain1 = 0x0;
	address public Chain2 = 0x0;
	address public Chain3 = 0x0;
	address public Chain4 = 0x0;

	address public migrationAgent=0x8585D5A25b1FA2A0E6c3BcfC098195bac9789BE2;
    uint256 public totalMigrated;


    event Migrate(address indexed _from, address indexed _to, uint256 _value);
    event Refund(address indexed _from, uint256 _value);

	
	struct sendTokenAway{
		StandardToken coinContract;
		uint amount;
		address recipient;
	}
	mapping(uint => sendTokenAway) transfers;
	uint numTransfers=0;
	
  mapping (address => uint256) balances;
mapping (address => uint256) balancesRAW;
  mapping (address => mapping (address => uint256)) allowed;

	event UpdatedTokenInformation(string newName, string newSymbol);	
 
    event Transfer(address indexed _from, address indexed _to, uint256 _value);
	event receivedEther(address indexed _from,uint256 _value);
  event Approval(address indexed _owner, address indexed _spender, uint256 _value);

      // This notifies clients about the amount burnt
    event Burn(address indexed from, uint256 value);
  //tokenCreationCap
  bool public supplylimitset = false;
  bool public otherchainstotalset = false;
   
  function daoPOLSKAtokens() {
owner=msg.sender;
migrationMaster=msg.sender;
}

function  setSupply(uint256 supplyLOCKER) public {
    	   if (msg.sender != owner) {
      throw;
    }
		    	   if (supplylimitset != false) {
      throw;
    }
	supplylimitset = true;
  
	supplylimit = supplyLOCKER ** uint256(decimals);
//balances[owner]=supplylimit;
  } 
function setotherchainstotalsupply(uint256 supplyLOCKER) public {
    	   if (msg.sender != owner) {
      throw;
    }
	    	   if (supplylimitset != false) {
      throw;
    }

	otherchainstotalset = true;
	otherchainstotalsupply = supplyLOCKER ** uint256(decimals);
	
  } 
    /**
     * Set allowance for other address and notify
     *
     * Allows `_spender` to spend no more than `_value` tokens on your behalf, and then ping the contract about it
     *
     * @param _spender The address authorized to spend
     * @param _value the max amount they can spend
     * @param _extraData some extra information to send to the approved contract
     */
    function approveAndCall(address _spender, uint256 _value, bytes _extraData)
        public
        returns (bool success) {
        tokenRecipient spender = tokenRecipient(_spender);
        if (approve(_spender, _value)) {
            spender.receiveApproval(msg.sender, _value, this, _extraData);
            return true;
        }
    }

    /**
     * Destroy tokens
     *
     * Remove `_value` tokens from the system irreversibly
     *
     * @param _value the amount of money to burn
     */
    function burn(uint256 _value) public returns (bool success) {
        require(balances[msg.sender] >= _value);   // Check if the sender has enough
        balances[msg.sender] -= _value;            // Subtract from the sender
        totalSupply -= _value;                      // Updates totalSupply
        Burn(msg.sender, _value);
        return true;
    }

    /**
     * Destroy tokens from other account
     *
     * Remove `_value` tokens from the system irreversibly on behalf of `_from`.
     *
     * @param _from the address of the sender
     * @param _value the amount of money to burn
     */
    function burnFrom(address _from, uint256 _value) public returns (bool success) {
        require(balances[_from] >= _value);                // Check if the targeted balance is enough
        require(_value <= allowed[_from][msg.sender]);    // Check allowance
        balances[_from] -= _value;                         // Subtract from the targeted balance
        allowed[_from][msg.sender] -= _value;             // Subtract from the sender's allowance
        totalSupply -= _value;                              // Update totalSupply
        Burn(_from, _value);
        return true;
    }
  
  function transfer(address _to, uint256 _value) returns (bool success) {
    //Default assumes totalSupply can't be over max (2^256 - 1).
    //If your token leaves out totalSupply and can issue more tokens as time goes on, you need to check if it doesn't wrap.
    //Replace the if with this one instead.
    if (balances[msg.sender] >= _value && balances[_to] + _value > balances[_to]) {
    //if (balances[msg.sender] >= _value && _value > 0) {
      balances[msg.sender] -= _value;
      balances[_to] += _value;
      Transfer(msg.sender, _to, _value);
      return true;
    } else { return false; }
  }

  function transferFrom(address _from, address _to, uint256 _value) returns (bool success) {
    //same as above. Replace this line with the following if you want to protect against wrapping uints.
    if (balances[_from] >= _value && allowed[_from][msg.sender] >= _value && balances[_to] + _value > balances[_to]) {
    //if (balances[_from] >= _value && allowed[_from][msg.sender] >= _value && _value > 0) {
      balances[_to] += _value;
      balances[_from] -= _value;
      allowed[_from][msg.sender] -= _value;
      Transfer(_from, _to, _value);
      return true;
    } else { return false; }
  }

  function balanceOf(address _owner) constant returns (uint256 balance) {
    return balances[_owner];
  }

  function approve(address _spender, uint256 _value) returns (bool success) {
    allowed[msg.sender][_spender] = _value;
    Approval(msg.sender, _spender, _value);
    return true;
  }

  function allowance(address _owner, address _spender) constant returns (uint256 remaining) {
    return allowed[_owner][_spender];
  }


	
	    function () payable  public {
		 if(funding){ 
        receivedEther(msg.sender, msg.value);
		balances[msg.sender]=balances[msg.sender]+msg.value;
		} else throw;
		
    }
   



	
  function setTokenInformation(string _name, string _symbol) {
    
	   if (msg.sender != owner) {
      throw;
    }
	name = _name;
    symbol = _symbol;

    UpdatedTokenInformation(name, symbol);
  }

function setChainsAddresses(address chainAd, int chainnumber) {
    
	   if (msg.sender != owner) {
      throw;
    }
	if(chainnumber==1){Chain1=chainAd;}
	if(chainnumber==2){Chain2=chainAd;}
	if(chainnumber==3){Chain3=chainAd;}
	if(chainnumber==4){Chain4=chainAd;}		
  } 

  function DAOPolskaTokenICOregulations() external returns(string wow) {
	return 'Regulations of preICO and ICO are present at website  DAO Polska Token.network and by using this smartcontract and blockchains you commit that you accept and will follow those rules';
}
// if accidentally other token was donated to Project Dev


	function sendTokenAw(address StandardTokenAddress, address receiver, uint amount){
		if (msg.sender != owner) {
		throw;
		}
		sendTokenAway t = transfers[numTransfers];
		t.coinContract = StandardToken(StandardTokenAddress);
		t.amount = amount;
		t.recipient = receiver;
		t.coinContract.transfer(receiver, amount);
		numTransfers++;
	}

     // Crowdfunding:
uint public tokenCreationRate=1000;
uint public bonusCreationRate=1000;
uint public CreationRate=1761;
   uint256 public constant oneweek = 36000;
uint256 public fundingEndBlock = 5433616;
bool public funding = true;
bool public refundstate = false;
bool public migratestate= false;
        function createDaoPOLSKAtokens(address holder) payable {

        if (!funding) throw;

        // Do not allow creating 0 or more than the cap tokens.
        if (msg.value == 0) throw;
		// check the maximum token creation cap
        if (msg.value > (supplylimit - totalSupply) / CreationRate)
          throw;
		
		//bonus structure
// in early stage there is about 100% more details in ico regulations on website
// price and converstion rate in tabled to PLN not ether, and is updated daily



	 var numTokensRAW = msg.value;

        var numTokens = msg.value * CreationRate;
        totalSupply += numTokens;

        // Assign new tokens to the sender
        balances[holder] += numTokens;
        balancesRAW[holder] += numTokensRAW;
        // Log token creation event
        Transfer(0, holder, numTokens);
		
		// Create additional Dao Tokens for the community and developers around 12%
        uint256 percentOfTotal = 12;
        uint256 additionalTokens = 	numTokens * percentOfTotal / (100);

        totalSupply += additionalTokens;

        balances[migrationMaster] += additionalTokens;
        Transfer(0, migrationMaster, additionalTokens);
	
	}
	function setBonusCreationRate(uint newRate){
	if(msg.sender == owner) {
	bonusCreationRate=newRate;
	CreationRate=tokenCreationRate+bonusCreationRate;
	}
	}

    function FundsTransfer() external {
	if(funding==true) throw;
		 	if (!owner.send(this.balance)) throw;
    }
	
    function PartialFundsTransfer(uint SubX) external {
	      if (msg.sender != owner) throw;
        // <yes> <report> UNCHECKED_LL_CALLS
        owner.send(this.balance - SubX);
	}
	function turnrefund() external {
	      if (msg.sender != owner) throw;
	refundstate=!refundstate;
        }
		
			function fundingState() external {
	      if (msg.sender != owner) throw;
	funding=!funding;
        }
    function turnmigrate() external {
	      if (msg.sender != migrationMaster) throw;
	migratestate=!migratestate;
}

    // notice Finalize crowdfunding clossing funding options
	
function finalize() external {
        if (block.number <= fundingEndBlock+8*oneweek) throw;
        // Switch to Operational state. This is the only place this can happen.
        funding = false;	
		refundstate=!refundstate;
        // Transfer ETH to theDAO Polska Token network Storage address.
        if (msg.sender==owner)
        // <yes> <report> UNCHECKED_LL_CALLS
		owner.send(this.balance);
    }
    function migrate(uint256 _value) external {
        // Abort if not in Operational Migration state.
        if (migratestate) throw;


        // Validate input value.
        if (_value == 0) throw;
        if (_value > balances[msg.sender]) throw;

        balances[msg.sender] -= _value;
        totalSupply -= _value;
        totalMigrated += _value;
        MigrationAgent(migrationAgent).migrateFrom(msg.sender, _value);
        Migrate(msg.sender, migrationAgent, _value);
    }
	
function refundTRA() external {
        // Abort if not in Funding Failure state.
        if (funding) throw;
        if (!refundstate) throw;

        var DAOPLTokenValue = balances[msg.sender];
        var ETHValue = balancesRAW[msg.sender];
        if (ETHValue == 0) throw;
        balancesRAW[msg.sender] = 0;
        totalSupply -= DAOPLTokenValue;
         
        Refund(msg.sender, ETHValue);
        msg.sender.transfer(ETHValue);
}

function preICOregulations() external returns(string wow) {
	return 'Regulations of preICO are present at website  daopolska.pl and by using this smartcontract you commit that you accept and will follow those rules';
}


}


//------------------------------------------------------
",UNCHECKED_LL_CALLS
"/*
 * @source: etherscan.io 
 * @author: -
 * @vulnerable_at_lines: 12
 */

pragma solidity ^0.4.10;

contract Caller {
    function callAddress(address a) {
        // <yes> <report> UNCHECKED_LL_CALLS
        a.call();
    }
}",UNCHECKED_LL_CALLS
